City,Date,AQHI-H01,AQHI-H02,AQHI-H03,AQHI-H04,AQHI-H05,AQHI-H06,AQHI-H07,AQHI-H08,AQHI-H09,AQHI-H10,AQHI-H11,AQHI-H12,AQHI-H13,AQHI-H14,AQHI-H15,AQHI-H16,AQHI-H17,AQHI-H18,AQHI-H19,AQHI-H20,AQHI-H21,AQHI-H22,AQHI-H23,AQHI-H24,RISK-H01,RISK-H02,RISK-H03,RISK-H04,RISK-H05,RISK-H06,RISK-H07,RISK-H08,RISK-H09,RISK-H10,RISK-H11,RISK-H12,RISK-H13,RISK-H14,RISK-H15,RISK-H16,RISK-H17,RISK-H18,RISK-H19,RISK-H20,RISK-H21,RISK-H22,RISK-H23,RISK-H24
Hamilton mountains,1/1/2022,3,3,3,3,2,2,2,2,2,2,2,2,2,2,2,2,2,2,2,2,2,2,2,2,,,,,,,,,,,,,,,,,,,,,,,,
Hamilton mountains,1/2/2022,2,2,2,2,2,2,2,2,2,2,2,2,2,2,2,2,2,2,2,2,2,2,2,2,,,,,,,,,,,,,,,,,,,,,,,,
Hamilton mountains,1/3/2022,2,2,2,2,2,2,2,2,2,3,3,3,3,3,3,3,3,3,3,3,3,3,3,3,,,,,,,,,,,,,,,,,,,,,,,,
Hamilton mountains,1/4/2022,2,2,2,3,3,3,3,3,2,2,2,2,2,2,2,2,2,2,3,3,3,3,3,3,,,,,,,,,,,,,,,,,,,,,,,,
Hamilton mountains,1/5/2022,3,2,2,2,2,2,2,2,2,2,2,2,2,2,2,2,2,2,2,2,2,2,2,2,,,,,,,,,,,,,,,,,,,,,,,,
Hamilton mountains,1/6/2022,2,2,2,2,2,2,2,2,2,2,2,2,2,2,2,2,2,2,2,2,2,2,2,2,,,,,,,,,,,,,,,,,,,,,,,,
Hamilton mountains,1/7/2022,2,2,2,2,2,2,2,2,2,2,2,2,2,2,2,2,2,2,2,2,2,2,2,2,,,,,,,,,,,,,,,,,,,,,,,,
Hamilton mountains,1/8/2022,2,2,2,2,2,3,3,3,3,3,3,3,2,2,2,2,2,2,3,3,3,3,3,2,,,,,,,,,,,,,,,,,,,,,,,,
Hamilton mountains,1/9/2022,2,2,2,2,2,2,2,2,2,2,2,2,2,2,2,2,2,2,2,2,2,2,2,2,,,,,,,,,,,,,,,,,,,,,,,,
Hamilton mountains,1/10/2022,2,2,2,2,2,2,2,2,2,2,2,2,2,2,2,2,2,2,2,2,2,2,2,2,,,,,,,,,,,,,,,,,,,,,,,,
Hamilton mountains,1/11/2022,2,2,2,2,2,3,3,3,3,3,3,3,2,2,2,2,2,2,2,2,2,2,2,2,,,,,,,,,,,,,,,,,,,,,,,,
Hamilton mountains,1/12/2022,2,2,2,2,2,2,2,2,2,2,2,2,2,2,2,2,3,3,3,3,2,2,2,2,,,,,,,,,,,,,,,,,,,,,,,,
Hamilton mountains,1/13/2022,2,2,2,3,3,3,3,3,3,3,3,3,3,3,3,3,3,3,3,4,4,4,3,3,,,,,,,,,,,,,,,,,,,,,,,,
Hamilton mountains,1/14/2022,2,2,2,2,2,2,2,2,2,2,2,2,2,2,2,2,2,2,2,2,2,2,2,2,,,,,,,,,,,,,,,,,,,,,,,,
Hamilton mountains,1/15/2022,2,2,2,2,2,2,2,2,2,2,2,2,2,2,2,2,2,2,2,3,3,3,3,3,,,,,,,,,,,,,,,,,,,,,,,,
Hamilton mountains,1/16/2022,3,3,2,2,2,3,3,3,3,3,3,3,3,3,3,3,3,3,3,3,3,3,3,3,,,,,,,,,,,,,,,,,,,,,,,,
Hamilton mountains,1/17/2022,3,3,3,3,3,2,2,2,2,2,2,2,2,2,2,2,2,2,3,3,3,3,2,2,,,,,,,,,,,,,,,,,,,,,,,,
Hamilton mountains,1/18/2022,2,2,2,2,2,2,2,2,2,2,2,2,2,2,2,2,2,2,3,3,3,3,3,3,,,,,,,,,,,,,,,,,,,,,,,,
Hamilton mountains,1/19/2022,3,3,3,2,2,2,2,2,2,2,2,2,2,2,2,3,3,2,2,2,2,2,2,2,,,,,,,,,,,,,,,,,,,,,,,,
Hamilton mountains,1/20/2022,2,2,2,2,2,2,2,2,2,2,2,2,2,2,2,2,2,2,2,2,2,2,2,2,,,,,,,,,,,,,,,,,,,,,,,,
Hamilton mountains,1/21/2022,2,2,2,2,2,2,3,3,3,3,3,3,3,3,3,3,3,3,3,3,3,3,4,4,,,,,,,,,,,,,,,,,,,,,,,,
Hamilton mountains,1/22/2022,4,3,3,4,4,4,4,4,3,3,3,3,3,3,3,3,3,3,3,3,3,3,3,3,,,,,,,,,,,,,,,,,,,,,,,,
Hamilton mountains,1/23/2022,2,2,2,2,2,2,2,2,2,2,2,2,2,2,2,2,2,2,2,2,2,2,2,2,,,,,,,,,,,,,,,,,,,,,,,,
Hamilton mountains,1/24/2022,2,2,3,3,3,3,2,2,2,3,3,2,2,2,2,2,3,3,3,3,3,3,4,4,,,,,,,,,,,,,,,,,,,,,,,,
Hamilton mountains,1/25/2022,3,3,3,3,3,3,3,2,2,2,2,2,2,2,2,2,2,2,3,3,3,3,3,3,,,,,,,,,,,,,,,,,,,,,,,,
Hamilton mountains,1/26/2022,3,3,3,3,3,3,3,3,3,3,4,3,3,3,3,3,3,3,3,3,3,3,3,2,,,,,,,,,,,,,,,,,,,,,,,,
Hamilton mountains,1/27/2022,2,2,2,2,2,3,3,3,3,3,3,3,3,3,3,3,N/A,N/A,N/A,N/A,N/A,N/A,N/A,N/A,,,,,,,,,,,,,,,,,,,,,,,,
Hamilton mountains,1/28/2022,N/A,N/A,N/A,N/A,N/A,N/A,N/A,N/A,N/A,N/A,N/A,2,2,2,2,2,2,2,3,3,3,3,3,3,,,,,,,,,,,,,,,,,,,,,,,,
Hamilton mountains,1/29/2022,3,3,3,2,2,3,3,3,3,3,3,2,2,2,2,2,3,3,3,3,3,3,3,3,,,,,,,,,,,,,,,,,,,,,,,,
Hamilton mountains,1/30/2022,3,3,3,3,3,3,3,3,3,3,3,3,3,3,3,3,3,3,3,4,4,4,4,4,,,,,,,,,,,,,,,,,,,,,,,,
Hamilton mountains,1/31/2022,4,4,4,4,4,4,4,4,4,4,4,3,3,3,3,3,3,3,3,4,4,4,4,3,,,,,,,,,,,,,,,,,,,,,,,,
Hamilton mountains,2/1/2022,3,3,3,3,3,3,3,3,3,3,3,3,3,3,3,3,3,3,4,4,4,4,3,3,,,,,,,,,,,,,,,,,,,,,,,,
Hamilton mountains,2/2/2022,3,3,3,3,3,3,3,3,3,3,3,3,3,3,3,3,3,3,3,3,3,2,2,2,,,,,,,,,,,,,,,,,,,,,,,,
Hamilton mountains,2/3/2022,2,2,2,2,2,2,2,2,2,2,2,2,2,2,2,2,2,2,2,2,2,2,2,2,,,,,,,,,,,,,,,,,,,,,,,,
Hamilton mountains,2/4/2022,2,2,2,2,2,2,2,2,2,2,2,2,2,2,2,2,2,2,2,2,3,3,2,2,,,,,,,,,,,,,,,,,,,,,,,,
Hamilton mountains,2/5/2022,2,2,2,2,2,2,2,2,2,2,2,2,2,2,2,2,2,2,2,3,3,3,3,3,,,,,,,,,,,,,,,,,,,,,,,,
Hamilton mountains,2/6/2022,3,3,2,2,3,3,3,3,3,3,3,3,3,3,3,3,3,3,3,3,3,3,3,3,,,,,,,,,,,,,,,,,,,,,,,,
Hamilton mountains,2/7/2022,3,3,3,3,3,3,3,3,3,3,3,3,3,3,3,3,3,4,4,3,3,3,4,4,,,,,,,,,,,,,,,,,,,,,,,,
Hamilton mountains,2/8/2022,4,4,4,3,3,2,2,2,2,2,2,2,2,2,2,2,2,2,2,2,2,3,3,3,,,,,,,,,,,,,,,,,,,,,,,,
Hamilton mountains,2/9/2022,3,3,3,3,3,3,3,3,3,3,2,2,2,2,3,3,3,3,3,3,3,3,3,3,,,,,,,,,,,,,,,,,,,,,,,,
Hamilton mountains,2/10/2022,3,3,3,3,3,3,3,3,3,2,2,2,2,2,2,2,2,2,2,2,2,2,2,2,,,,,,,,,,,,,,,,,,,,,,,,
Hamilton mountains,2/11/2022,2,2,2,2,2,2,2,2,2,2,2,2,2,2,2,2,2,2,2,2,2,2,2,2,,,,,,,,,,,,,,,,,,,,,,,,
Hamilton mountains,2/12/2022,2,2,2,2,2,2,2,2,2,2,2,2,2,2,2,2,2,2,2,2,2,2,2,2,,,,,,,,,,,,,,,,,,,,,,,,
Hamilton mountains,2/13/2022,2,2,2,2,2,2,2,2,2,2,2,2,2,2,2,2,2,2,2,2,2,2,3,3,,,,,,,,,,,,,,,,,,,,,,,,
Hamilton mountains,2/14/2022,3,2,2,2,2,2,2,2,2,2,2,2,2,2,2,2,2,2,2,2,2,2,2,2,,,,,,,,,,,,,,,,,,,,,,,,
Hamilton mountains,2/15/2022,2,2,2,2,2,2,2,3,3,3,3,3,3,3,3,3,3,3,3,3,3,3,3,3,,,,,,,,,,,,,,,,,,,,,,,,
Hamilton mountains,2/16/2022,3,3,3,3,3,3,4,4,3,3,3,3,3,3,3,4,4,4,4,4,3,3,3,3,,,,,,,,,,,,,,,,,,,,,,,,
Hamilton mountains,2/17/2022,3,3,3,3,3,3,3,3,3,3,2,2,2,2,2,N/A,N/A,2,2,2,2,2,2,2,,,,,,,,,,,,,,,,,,,,,,,,
Hamilton mountains,2/18/2022,2,2,2,2,2,2,2,2,2,2,2,2,2,2,2,2,2,2,2,2,2,2,2,2,,,,,,,,,,,,,,,,,,,,,,,,
Hamilton mountains,2/19/2022,2,2,2,2,2,2,2,2,2,2,2,2,2,2,2,2,2,2,2,2,2,2,2,2,,,,,,,,,,,,,,,,,,,,,,,,
Hamilton mountains,2/20/2022,2,2,2,2,2,2,2,2,2,2,2,2,2,2,2,2,2,2,3,3,2,2,2,2,,,,,,,,,,,,,,,,,,,,,,,,
Hamilton mountains,2/21/2022,2,2,2,2,2,2,2,2,3,3,3,2,2,2,2,2,3,3,3,3,3,3,3,2,,,,,,,,,,,,,,,,,,,,,,,,
Hamilton mountains,2/22/2022,2,2,2,2,2,2,2,2,2,3,3,3,3,3,3,3,3,3,3,3,3,2,2,2,,,,,,,,,,,,,,,,,,,,,,,,
Hamilton mountains,2/23/2022,2,2,2,2,2,2,2,2,2,2,2,2,2,2,2,2,2,2,2,2,2,2,2,2,,,,,,,,,,,,,,,,,,,,,,,,
Hamilton mountains,2/24/2022,2,2,2,2,2,2,2,2,2,2,2,2,2,2,2,2,2,2,2,2,2,2,2,2,,,,,,,,,,,,,,,,,,,,,,,,
Hamilton mountains,2/25/2022,2,2,2,2,2,2,2,2,2,2,2,2,2,2,2,2,2,2,2,2,2,2,2,2,,,,,,,,,,,,,,,,,,,,,,,,
Hamilton mountains,2/26/2022,2,3,3,3,2,2,2,2,2,2,2,2,2,2,2,2,3,3,3,3,3,3,3,3,,,,,,,,,,,,,,,,,,,,,,,,
Hamilton mountains,2/27/2022,3,3,3,3,3,3,3,3,3,3,3,3,3,3,3,3,3,3,3,3,3,2,2,2,,,,,,,,,,,,,,,,,,,,,,,,
Hamilton mountains,2/28/2022,2,2,2,2,2,2,2,2,2,2,3,3,3,2,2,2,2,2,3,3,3,3,2,2,,,,,,,,,,,,,,,,,,,,,,,,
Hamilton mountains,3/1/2022,2,2,2,2,3,3,3,3,3,3,3,3,3,3,3,3,3,3,3,4,3,3,3,3,,,,,,,,,,,,,,,,,,,,,,,,
Hamilton mountains,3/2/2022,3,2,2,2,2,2,3,3,3,3,2,2,2,2,3,3,3,3,3,3,3,3,3,3,,,,,,,,,,,,,,,,,,,,,,,,
Hamilton mountains,3/3/2022,3,2,2,2,2,2,2,2,2,2,2,2,2,2,2,2,2,2,2,2,2,2,2,2,,,,,,,,,,,,,,,,,,,,,,,,
Hamilton mountains,3/4/2022,2,2,2,2,2,2,2,2,2,2,2,2,2,2,3,3,3,3,3,3,3,3,3,3,,,,,,,,,,,,,,,,,,,,,,,,
Hamilton mountains,3/5/2022,3,3,3,3,3,3,3,3,3,3,3,3,3,3,3,3,3,3,3,3,3,3,3,3,,,,,,,,,,,,,,,,,,,,,,,,
Hamilton mountains,3/6/2022,3,3,3,3,3,3,3,3,2,3,3,3,3,3,3,3,2,2,2,2,2,2,2,2,,,,,,,,,,,,,,,,,,,,,,,,
Hamilton mountains,3/7/2022,2,2,2,2,2,2,2,2,2,2,2,2,2,2,2,2,2,2,2,2,2,2,2,2,,,,,,,,,,,,,,,,,,,,,,,,
Hamilton mountains,3/8/2022,2,2,2,2,2,2,2,2,2,2,2,2,2,2,2,2,3,3,3,3,3,3,3,3,,,,,,,,,,,,,,,,,,,,,,,,
Hamilton mountains,3/9/2022,2,2,2,2,2,3,3,3,3,3,3,3,3,3,3,3,3,3,3,3,3,3,3,3,,,,,,,,,,,,,,,,,,,,,,,,
Hamilton mountains,3/10/2022,3,3,3,3,2,2,2,2,2,2,2,2,2,2,2,2,3,3,3,3,3,3,3,3,,,,,,,,,,,,,,,,,,,,,,,,
Hamilton mountains,3/11/2022,3,3,3,3,3,3,3,3,3,3,3,3,3,3,3,3,3,3,3,3,3,3,3,3,,,,,,,,,,,,,,,,,,,,,,,,
Hamilton mountains,3/12/2022,3,3,3,3,3,3,3,2,2,2,2,2,2,2,2,2,2,2,2,2,2,2,N/A,2,,,,,,,,,,,,,,,,,,,,,,,,
Hamilton mountains,3/13/2022,2,2,2,2,2,2,2,2,2,2,2,2,2,2,2,2,2,2,2,2,2,2,2,,,,,,,,,,,,,,,,,,,,,,,,,
Hamilton mountains,3/14/2022,3,3,3,3,3,3,3,3,3,3,3,3,2,2,3,3,3,3,3,3,3,3,3,3,,,,,,,,,,,,,,,,,,,,,,,,
Hamilton mountains,3/15/2022,3,3,3,3,3,3,3,3,3,3,3,3,3,3,3,3,3,3,3,3,3,3,3,3,,,,,,,,,,,,,,,,,,,,,,,,
Hamilton mountains,3/16/2022,3,3,3,3,2,2,2,2,2,2,2,2,2,3,3,3,4,4,4,4,4,3,3,3,,,,,,,,,,,,,,,,,,,,,,,,
Hamilton mountains,3/17/2022,3,3,3,3,3,3,3,3,3,3,3,N/A,N/A,3,3,3,4,4,4,4,4,4,4,4,,,,,,,,,,,,,,,,,,,,,,,,
Hamilton mountains,3/18/2022,4,4,4,4,4,4,4,4,4,4,3,4,4,4,4,4,4,4,4,4,4,4,4,4,,,,,,,,,,,,,,,,,,,,,,,,
Hamilton mountains,3/19/2022,3,3,3,3,3,3,3,3,3,3,3,2,2,2,2,3,3,3,2,2,1,1,1,1,,,,,,,,,,,,,,,,,,,,,,,,
Hamilton mountains,3/20/2022,2,2,2,2,2,2,2,2,2,2,2,2,2,2,2,2,2,2,2,2,2,2,2,2,,,,,,,,,,,,,,,,,,,,,,,,
Hamilton mountains,3/21/2022,2,2,2,2,2,2,2,2,2,2,2,2,2,2,3,3,3,3,3,3,3,3,3,2,,,,,,,,,,,,,,,,,,,,,,,,
Hamilton mountains,3/22/2022,2,2,2,2,2,2,2,2,2,2,3,3,3,3,3,3,3,3,3,3,3,3,3,3,,,,,,,,,,,,,,,,,,,,,,,,
Hamilton mountains,3/23/2022,3,3,3,3,3,3,3,3,3,2,2,2,2,2,2,2,2,2,2,2,2,2,2,2,,,,,,,,,,,,,,,,,,,,,,,,
Hamilton mountains,3/24/2022,2,2,2,2,2,2,2,2,2,2,2,2,2,2,2,2,2,2,2,2,2,2,2,2,,,,,,,,,,,,,,,,,,,,,,,,
Hamilton mountains,3/25/2022,2,2,2,2,2,2,2,1,1,1,1,1,2,2,2,2,2,2,2,2,2,2,2,2,,,,,,,,,,,,,,,,,,,,,,,,
Hamilton mountains,3/26/2022,2,2,2,2,2,2,2,2,2,2,2,1,1,1,2,2,2,2,2,2,2,2,1,1,,,,,,,,,,,,,,,,,,,,,,,,
Hamilton mountains,3/27/2022,1,1,1,1,1,1,1,1,1,1,1,1,1,1,2,2,2,2,2,2,2,2,2,2,,,,,,,,,,,,,,,,,,,,,,,,
Hamilton mountains,3/28/2022,2,2,2,2,2,2,2,2,2,2,2,2,2,2,2,2,2,2,2,2,2,2,2,2,,,,,,,,,,,,,,,,,,,,,,,,
Hamilton mountains,3/29/2022,2,2,2,2,2,2,2,2,2,2,2,2,2,2,2,2,2,2,2,2,3,3,3,3,,,,,,,,,,,,,,,,,,,,,,,,
Hamilton mountains,3/30/2022,3,3,3,3,3,3,3,3,3,3,3,3,3,2,2,2,2,2,2,2,3,3,3,3,,,,,,,,,,,,,,,,,,,,,,,,
Hamilton mountains,3/31/2022,3,3,3,3,3,3,3,3,3,3,3,3,3,3,3,2,2,2,2,2,2,2,2,2,,,,,,,,,,,,,,,,,,,,,,,,
Hamilton mountains,4/1/2022,2,2,2,2,2,2,2,2,2,2,2,2,2,2,2,2,2,2,2,2,2,2,2,2,,,,,,,,,,,,,,,,,,,,,,,,
Hamilton mountains,4/2/2022,2,2,2,2,2,2,2,2,2,2,2,2,2,2,2,2,2,3,3,3,3,3,3,3,,,,,,,,,,,,,,,,,,,,,,,,
Hamilton mountains,4/3/2022,3,3,3,3,3,3,3,2,2,2,2,2,2,2,2,2,2,2,2,2,2,2,2,2,,,,,,,,,,,,,,,,,,,,,,,,
Hamilton mountains,4/4/2022,2,2,2,2,3,3,2,2,3,3,3,3,2,2,2,2,2,2,3,3,3,3,3,3,,,,,,,,,,,,,,,,,,,,,,,,
Hamilton mountains,4/5/2022,3,3,3,3,3,3,3,3,3,3,3,3,3,3,3,3,3,3,3,3,3,3,3,3,,,,,,,,,,,,,,,,,,,,,,,,
Hamilton mountains,4/6/2022,3,3,3,3,3,3,3,2,2,2,3,3,3,3,3,3,3,3,3,4,4,4,4,4,,,,,,,,,,,,,,,,,,,,,,,,
Hamilton mountains,4/7/2022,3,3,3,2,2,2,2,2,2,2,2,2,2,2,2,2,2,2,2,2,2,2,2,2,,,,,,,,,,,,,,,,,,,,,,,,
Hamilton mountains,4/8/2022,2,2,2,2,2,2,2,2,2,2,2,2,2,2,2,2,2,2,2,2,2,2,2,2,,,,,,,,,,,,,,,,,,,,,,,,
Hamilton mountains,4/9/2022,2,2,2,2,2,2,2,2,2,2,2,2,2,2,2,2,2,2,2,2,2,2,2,2,,,,,,,,,,,,,,,,,,,,,,,,
Hamilton mountains,4/10/2022,2,2,2,2,2,2,2,2,2,2,2,2,2,2,2,2,2,2,2,2,2,2,2,2,,,,,,,,,,,,,,,,,,,,,,,,
Hamilton mountains,4/11/2022,2,2,2,2,2,2,2,2,2,2,2,2,2,2,2,3,3,3,3,3,3,3,3,3,,,,,,,,,,,,,,,,,,,,,,,,
Hamilton mountains,4/12/2022,3,3,3,3,3,3,2,2,2,2,2,3,3,3,3,3,3,3,4,4,4,3,3,3,,,,,,,,,,,,,,,,,,,,,,,,
Hamilton mountains,4/13/2022,3,3,3,3,3,3,3,3,3,4,3,3,3,4,4,3,3,3,3,3,3,3,3,3,,,,,,,,,,,,,,,,,,,,,,,,
Hamilton mountains,4/14/2022,3,3,3,3,3,3,3,3,3,2,2,2,2,2,2,2,2,2,2,2,2,2,2,,,,,,,,,,,,,,,,,,,,,,,,,
Hamilton mountains,4/15/2022,2,2,2,2,2,2,2,2,2,2,2,2,2,2,2,2,3,3,3,3,3,3,3,3,,,,,,,,,,,,,,,,,,,,,,,,
Hamilton mountains,4/16/2022,3,2,2,2,2,2,2,2,2,2,2,2,2,2,2,2,2,2,2,2,2,2,2,2,,,,,,,,,,,,,,,,,,,,,,,,
Hamilton mountains,4/17/2022,2,2,2,2,2,2,2,2,2,2,2,2,2,2,2,2,2,2,2,2,2,2,2,2,,,,,,,,,,,,,,,,,,,,,,,,
Hamilton mountains,4/18/2022,2,2,2,2,2,2,2,2,2,2,2,2,2,2,2,2,2,2,2,2,2,2,2,2,,,,,,,,,,,,,,,,,,,,,,,,
Hamilton mountains,4/19/2022,2,2,2,2,2,2,2,2,2,2,2,1,1,1,1,2,2,2,2,2,2,2,2,2,,,,,,,,,,,,,,,,,,,,,,,,
Hamilton mountains,4/20/2022,2,2,2,2,2,2,2,2,2,2,2,2,2,2,2,2,2,2,2,2,2,2,2,2,,,,,,,,,,,,,,,,,,,,,,,,
Hamilton mountains,4/21/2022,2,2,2,2,2,2,2,3,3,2,2,2,2,2,2,2,3,3,3,3,3,3,3,3,,,,,,,,,,,,,,,,,,,,,,,,
Hamilton mountains,4/22/2022,2,2,2,2,2,2,2,2,2,2,2,2,2,2,2,2,2,3,3,3,3,3,3,3,,,,,,,,,,,,,,,,,,,,,,,,
Hamilton mountains,4/23/2022,3,3,4,4,3,3,3,3,3,3,3,3,2,2,2,2,2,2,2,2,2,2,2,2,,,,,,,,,,,,,,,,,,,,,,,,
Hamilton mountains,4/24/2022,2,2,2,2,2,2,2,2,2,2,2,3,3,3,3,4,4,4,4,4,4,4,4,4,,,,,,,,,,,,,,,,,,,,,,,,
Hamilton mountains,4/25/2022,3,3,3,4,4,3,3,3,3,2,2,2,3,3,3,3,3,3,2,2,2,2,2,2,,,,,,,,,,,,,,,,,,,,,,,,
Hamilton mountains,4/26/2022,2,2,2,2,2,2,2,2,2,2,2,2,2,2,2,2,2,2,2,3,3,3,2,2,,,,,,,,,,,,,,,,,,,,,,,,
Hamilton mountains,4/27/2022,2,2,2,2,2,2,2,2,2,2,2,2,2,2,2,2,1,1,1,1,1,1,1,2,,,,,,,,,,,,,,,,,,,,,,,,
Hamilton mountains,4/28/2022,2,2,2,2,2,2,2,2,2,2,2,2,2,2,3,3,3,3,3,3,3,3,3,3,,,,,,,,,,,,,,,,,,,,,,,,
Hamilton mountains,4/29/2022,3,3,3,2,2,2,2,2,3,3,3,3,3,3,3,3,3,3,3,3,3,3,3,3,,,,,,,,,,,,,,,,,,,,,,,,
Hamilton mountains,4/30/2022,3,3,3,3,2,2,2,2,2,2,2,2,2,3,3,3,3,3,3,3,3,3,3,3,,,,,,,,,,,,,,,,,,,,,,,,
Hamilton mountains,5/1/2022,3,3,3,3,3,3,3,3,3,3,3,3,2,3,3,3,3,3,3,3,3,3,3,3,,,,,,,,,,,,,,,,,,,,,,,,
Hamilton mountains,5/2/2022,3,3,3,3,3,3,2,2,2,2,2,2,2,2,2,2,2,2,2,2,2,2,2,2,,,,,,,,,,,,,,,,,,,,,,,,
Hamilton mountains,5/3/2022,2,2,2,2,2,2,2,2,2,2,2,2,3,3,3,3,3,3,3,3,3,3,3,3,,,,,,,,,,,,,,,,,,,,,,,,
Hamilton mountains,5/4/2022,2,2,2,2,2,2,2,2,2,2,2,2,2,2,2,2,2,2,2,2,2,2,2,2,,,,,,,,,,,,,,,,,,,,,,,,
Hamilton mountains,5/5/2022,2,2,2,2,2,2,2,2,2,2,2,2,2,2,3,3,3,3,3,3,3,3,3,3,,,,,,,,,,,,,,,,,,,,,,,,
Hamilton mountains,5/6/2022,3,3,3,3,3,3,3,3,3,3,3,3,3,2,2,2,2,3,3,3,3,3,3,3,,,,,,,,,,,,,,,,,,,,,,,,
Hamilton mountains,5/7/2022,3,3,3,3,3,3,2,2,2,2,2,2,2,2,2,2,2,3,3,3,3,3,3,3,,,,,,,,,,,,,,,,,,,,,,,,
Hamilton mountains,5/8/2022,3,3,3,3,3,3,3,3,3,3,3,3,3,3,3,3,3,3,3,3,3,3,3,3,,,,,,,,,,,,,,,,,,,,,,,,
Hamilton mountains,5/9/2022,3,3,3,2,2,2,3,3,3,3,3,3,3,4,4,4,4,3,3,3,3,3,3,3,,,,,,,,,,,,,,,,,,,,,,,,
Hamilton mountains,5/10/2022,3,3,3,3,3,2,3,3,3,3,3,3,3,3,4,4,4,4,4,4,4,4,4,4,,,,,,,,,,,,,,,,,,,,,,,,
Hamilton mountains,5/11/2022,4,4,3,3,3,3,3,3,3,3,4,4,4,4,5,5,5,5,5,5,5,5,5,5,,,,,,,,,,,,,,,,,,,,,,,,
Hamilton mountains,5/12/2022,4,4,4,4,4,4,4,4,4,4,4,4,5,4,4,4,4,4,4,4,4,4,4,4,,,,,,,,,,,,,,,,,,,,,,,,
Hamilton mountains,5/13/2022,4,3,3,3,3,3,3,3,3,3,3,3,2,3,3,4,5,5,4,4,4,3,3,4,,,,,,,,,,,,,,,,,,,,,,,,
Hamilton mountains,5/14/2022,4,4,4,4,3,3,3,2,2,3,3,3,3,3,4,4,3,3,3,3,3,3,3,3,,,,,,,,,,,,,,,,,,,,,,,,
Hamilton mountains,5/15/2022,3,3,3,3,3,2,2,2,2,2,2,2,2,3,3,3,3,3,4,4,4,4,3,3,,,,,,,,,,,,,,,,,,,,,,,,
Hamilton mountains,5/16/2022,3,3,3,3,3,3,3,3,3,3,3,2,2,2,2,2,2,2,2,3,2,2,2,2,,,,,,,,,,,,,,,,,,,,,,,,
Hamilton mountains,5/17/2022,2,2,2,2,2,1,1,1,1,1,1,1,1,1,1,1,1,1,1,1,1,1,2,2,,,,,,,,,,,,,,,,,,,,,,,,
Hamilton mountains,5/18/2022,2,2,2,2,2,2,1,1,2,2,2,2,2,2,2,2,2,2,2,2,2,2,2,2,,,,,,,,,,,,,,,,,,,,,,,,
Hamilton mountains,5/19/2022,2,2,2,2,2,2,2,3,3,3,4,3,2,2,2,3,3,3,N/A,3,3,3,3,3,,,,,,,,,,,,,,,,,,,,,,,,
Hamilton mountains,5/20/2022,3,3,3,3,3,3,4,4,4,3,3,3,3,3,3,3,3,3,3,3,3,3,3,3,,,,,,,,,,,,,,,,,,,,,,,,
Hamilton mountains,5/21/2022,3,3,3,3,2,2,2,2,2,2,2,2,3,3,3,3,3,3,3,3,3,3,3,2,,,,,,,,,,,,,,,,,,,,,,,,
Hamilton mountains,5/22/2022,2,2,2,2,2,2,2,2,2,2,2,2,2,2,2,2,2,2,2,2,2,2,2,2,,,,,,,,,,,,,,,,,,,,,,,,
Hamilton mountains,5/23/2022,2,2,2,1,1,1,1,1,1,1,1,2,2,2,2,2,2,2,2,2,2,2,2,2,,,,,,,,,,,,,,,,,,,,,,,,
Hamilton mountains,5/24/2022,3,3,3,2,2,2,2,2,2,2,2,2,2,2,2,2,2,2,2,2,2,3,3,3,,,,,,,,,,,,,,,,,,,,,,,,
Hamilton mountains,5/25/2022,3,3,2,2,2,3,3,3,2,2,2,2,2,2,2,3,3,3,3,3,3,3,3,3,,,,,,,,,,,,,,,,,,,,,,,,
Hamilton mountains,5/26/2022,3,3,3,3,2,2,2,2,2,2,2,2,2,2,2,3,3,3,3,3,3,3,2,2,,,,,,,,,,,,,,,,,,,,,,,,
Hamilton mountains,5/27/2022,2,2,2,2,2,2,2,2,2,2,2,2,2,2,2,3,3,3,3,3,3,3,3,2,,,,,,,,,,,,,,,,,,,,,,,,
Hamilton mountains,5/28/2022,2,2,2,2,2,2,1,1,1,1,1,1,1,1,2,2,2,2,2,2,2,2,2,2,,,,,,,,,,,,,,,,,,,,,,,,
Hamilton mountains,5/29/2022,2,2,2,2,2,2,2,2,2,2,2,2,2,3,3,3,3,3,3,3,3,3,3,3,,,,,,,,,,,,,,,,,,,,,,,,
Hamilton mountains,5/30/2022,3,3,3,3,2,2,3,3,3,3,3,3,3,3,3,3,3,4,4,4,4,3,3,3,,,,,,,,,,,,,,,,,,,,,,,,
Hamilton mountains,5/31/2022,3,3,3,3,3,3,3,3,2,2,3,3,3,3,3,3,4,4,3,3,3,3,3,3,,,,,,,,,,,,,,,,,,,,,,,,
Hamilton mountains,6/1/2022,3,3,3,3,3,3,3,3,2,2,2,3,3,3,3,3,2,2,2,2,2,2,2,2,,,,,,,,,,,,,,,,,,,,,,,,
Hamilton mountains,6/2/2022,2,2,2,2,2,2,2,2,2,2,2,2,2,2,3,3,3,2,2,2,2,2,2,2,,,,,,,,,,,,,,,,,,,,,,,,
Hamilton mountains,6/3/2022,2,2,2,2,2,1,1,1,1,1,2,2,2,2,2,3,3,3,3,3,3,3,3,3,,,,,,,,,,,,,,,,,,,,,,,,
Hamilton mountains,6/4/2022,3,3,3,2,2,2,1,1,1,1,1,1,1,2,2,2,2,2,2,3,3,3,3,3,,,,,,,,,,,,,,,,,,,,,,,,
Hamilton mountains,6/5/2022,3,3,2,2,2,2,2,2,2,2,2,2,3,3,3,3,3,3,3,3,3,3,3,3,,,,,,,,,,,,,,,,,,,,,,,,
Hamilton mountains,6/6/2022,3,2,2,2,2,2,3,3,3,3,3,3,3,3,4,4,4,4,4,4,4,4,4,4,,,,,,,,,,,,,,,,,,,,,,,,
Hamilton mountains,6/7/2022,4,4,4,4,3,3,3,3,3,3,2,2,2,2,2,2,2,2,2,2,2,2,2,2,,,,,,,,,,,,,,,,,,,,,,,,
Hamilton mountains,6/8/2022,2,2,2,2,2,2,2,2,2,2,2,2,2,2,2,2,2,2,2,2,2,2,2,2,,,,,,,,,,,,,,,,,,,,,,,,
Hamilton mountains,6/9/2022,2,2,2,2,2,2,2,2,2,2,2,2,2,2,2,2,2,2,2,2,2,3,3,2,,,,,,,,,,,,,,,,,,,,,,,,
Hamilton mountains,6/10/2022,2,2,2,2,2,2,2,2,2,2,2,2,2,2,2,2,2,2,2,2,2,2,2,2,,,,,,,,,,,,,,,,,,,,,,,,
Hamilton mountains,6/11/2022,2,2,2,2,2,2,2,2,2,2,2,3,3,3,3,3,3,3,3,3,3,4,4,4,,,,,,,,,,,,,,,,,,,,,,,,
Hamilton mountains,6/12/2022,4,4,3,3,3,3,2,2,2,2,2,2,2,3,3,3,3,3,3,3,3,3,3,2,,,,,,,,,,,,,,,,,,,,,,,,
Hamilton mountains,6/13/2022,2,2,2,2,2,2,1,1,1,1,2,2,2,2,2,2,2,3,3,3,3,3,3,3,,,,,,,,,,,,,,,,,,,,,,,,
Hamilton mountains,6/14/2022,3,3,4,3,3,3,3,3,3,3,3,3,3,3,3,2,2,2,2,2,2,2,2,2,,,,,,,,,,,,,,,,,,,,,,,,
Hamilton mountains,6/15/2022,2,2,2,2,2,2,2,2,2,2,2,2,3,3,3,3,4,4,4,4,4,4,4,4,,,,,,,,,,,,,,,,,,,,,,,,
Hamilton mountains,6/16/2022,4,4,3,3,3,4,4,4,4,4,4,4,4,4,4,4,N/A,N/A,4,4,4,3,3,3,,,,,,,,,,,,,,,,,,,,,,,,
Hamilton mountains,6/17/2022,3,3,3,3,3,2,2,2,2,2,2,2,2,2,2,2,2,2,2,2,2,2,2,2,,,,,,,,,,,,,,,,,,,,,,,,
Hamilton mountains,6/18/2022,2,2,1,1,1,1,2,2,2,2,2,2,2,2,2,2,2,2,2,2,2,2,2,2,,,,,,,,,,,,,,,,,,,,,,,,
Hamilton mountains,6/19/2022,2,2,2,2,2,2,2,2,2,2,2,2,2,2,2,3,3,3,3,3,3,2,2,2,,,,,,,,,,,,,,,,,,,,,,,,
Hamilton mountains,6/20/2022,2,2,2,2,2,2,2,2,2,2,2,2,2,3,3,3,3,3,3,3,4,3,3,3,,,,,,,,,,,,,,,,,,,,,,,,
Hamilton mountains,6/21/2022,3,3,3,3,3,3,3,3,3,3,3,3,4,4,5,5,5,5,5,7,5,5,5,5,,,,,,,,,,,,,,,,,,,,,,,,
Hamilton mountains,6/22/2022,5,5,4,4,4,4,4,4,4,4,4,4,4,4,4,4,4,3,3,3,3,3,3,3,,,,,,,,,,,,,,,,,,,,,,,,
Hamilton mountains,6/23/2022,3,2,2,2,2,1,1,1,1,1,1,1,2,2,2,3,3,3,3,3,3,3,4,3,,,,,,,,,,,,,,,,,,,,,,,,
Hamilton mountains,6/24/2022,3,2,2,2,1,1,1,1,1,1,2,2,2,2,2,3,3,3,4,4,3,3,3,3,,,,,,,,,,,,,,,,,,,,,,,,
Hamilton mountains,6/25/2022,3,3,3,3,3,3,3,3,3,3,3,3,3,3,4,4,4,4,4,4,4,5,5,5,,,,,,,,,,,,,,,,,,,,,,,,
Hamilton mountains,6/26/2022,5,5,4,4,4,4,3,3,3,3,3,3,3,4,4,4,4,4,4,4,4,4,4,3,,,,,,,,,,,,,,,,,,,,,,,,
Hamilton mountains,6/27/2022,3,3,2,2,2,2,2,1,1,2,2,2,2,2,2,2,2,2,2,2,2,2,2,2,,,,,,,,,,,,,,,,,,,,,,,,
Hamilton mountains,6/28/2022,2,2,2,2,2,2,2,2,2,2,2,2,2,2,2,3,3,3,3,3,3,3,3,3,,,,,,,,,,,,,,,,,,,,,,,,
Hamilton mountains,6/29/2022,3,3,3,3,2,2,2,2,2,2,2,2,2,2,3,3,3,3,3,3,3,3,3,3,,,,,,,,,,,,,,,,,,,,,,,,
Hamilton mountains,6/30/2022,3,3,2,2,2,2,2,2,2,2,2,3,3,3,3,4,4,4,4,4,4,4,4,4,,,,,,,,,,,,,,,,,,,,,,,,
Hamilton mountains,7/1/2022,4,4,4,4,4,3,3,3,3,3,3,3,4,4,4,4,4,4,4,4,4,4,4,4,,,,,,,,,,,,,,,,,,,,,,,,
Hamilton mountains,7/2/2022,4,3,3,3,3,2,2,2,2,2,2,2,2,2,2,2,2,3,3,3,3,2,2,2,,,,,,,,,,,,,,,,,,,,,,,,
Hamilton mountains,7/3/2022,2,2,2,2,2,2,2,2,2,1,1,1,1,2,2,2,2,2,2,2,2,2,2,2,,,,,,,,,,,,,,,,,,,,,,,,
Hamilton mountains,7/4/2022,2,2,2,2,1,1,1,1,1,2,2,3,3,4,4,4,4,4,4,4,4,4,4,4,,,,,,,,,,,,,,,,,,,,,,,,
Hamilton mountains,7/5/2022,3,3,3,3,3,3,3,3,3,3,3,3,3,3,3,3,3,3,3,3,3,3,3,3,,,,,,,,,,,,,,,,,,,,,,,,
Hamilton mountains,7/6/2022,3,3,2,2,2,2,2,2,2,2,2,2,2,2,2,N/A,2,2,2,3,2,2,2,2,,,,,,,,,,,,,,,,,,,,,,,,
Hamilton mountains,7/7/2022,2,2,2,2,2,2,1,1,1,1,2,2,2,2,2,3,3,3,3,3,3,3,3,3,,,,,,,,,,,,,,,,,,,,,,,,
Hamilton mountains,7/8/2022,2,2,2,2,2,N/A,N/A,N/A,N/A,N/A,N/A,N/A,N/A,N/A,N/A,N/A,N/A,N/A,N/A,N/A,N/A,N/A,N/A,N/A,,,,,,,,,,,,,,,,,,,,,,,,
Hamilton mountains,7/9/2022,2,2,2,2,1,1,1,1,1,1,1,1,1,2,2,2,2,2,2,2,2,2,2,2,,,,,,,,,,,,,,,,,,,,,,,,
Hamilton mountains,7/10/2022,2,2,2,2,2,2,2,1,1,1,2,2,2,2,2,2,2,2,2,2,3,2,2,2,,,,,,,,,,,,,,,,,,,,,,,,
Hamilton mountains,7/11/2022,2,2,2,2,2,2,2,2,2,3,3,3,3,3,4,4,4,4,4,4,4,4,4,4,,,,,,,,,,,,,,,,,,,,,,,,
Hamilton mountains,7/12/2022,4,4,4,4,4,4,4,4,3,3,3,3,3,3,3,3,3,3,3,2,2,2,2,2,,,,,,,,,,,,,,,,,,,,,,,,
Hamilton mountains,7/13/2022,2,2,2,2,2,2,1,1,1,1,2,2,2,2,N/A,N/A,N/A,N/A,N/A,2,2,2,2,2,,,,,,,,,,,,,,,,,,,,,,,,
Hamilton mountains,7/14/2022,2,2,2,2,2,1,1,1,1,1,1,N/A,N/A,N/A,N/A,N/A,N/A,N/A,N/A,N/A,N/A,N/A,N/A,N/A,,,,,,,,,,,,,,,,,,,,,,,,
Hamilton mountains,7/15/2022,N/A,N/A,N/A,N/A,N/A,N/A,N/A,N/A,N/A,N/A,2,2,2,2,2,2,2,3,3,3,3,2,2,2,,,,,,,,,,,,,,,,,,,,,,,,
Hamilton mountains,7/16/2022,2,2,2,2,2,2,2,2,2,2,2,3,3,3,4,4,4,4,4,4,4,4,4,3,,,,,,,,,,,,,,,,,,,,,,,,
Hamilton mountains,7/17/2022,3,3,4,4,4,4,3,4,4,3,4,4,4,4,4,4,4,4,4,3,3,3,3,3,,,,,,,,,,,,,,,,,,,,,,,,
Hamilton mountains,7/18/2022,3,3,3,3,3,3,3,3,2,2,2,2,2,2,2,2,2,2,2,2,3,3,3,3,,,,,,,,,,,,,,,,,,,,,,,,
Hamilton mountains,7/19/2022,3,3,3,3,3,3,3,2,2,2,3,3,3,4,4,4,3,3,3,3,4,4,4,3,,,,,,,,,,,,,,,,,,,,,,,,
Hamilton mountains,7/20/2022,3,3,3,3,3,3,3,3,3,3,2,3,3,3,3,3,3,3,3,3,3,3,3,3,,,,,,,,,,,,,,,,,,,,,,,,
Hamilton mountains,7/21/2022,N/A,N/A,N/A,2,2,2,2,2,2,2,2,2,N/A,N/A,N/A,N/A,2,2,2,2,2,2,2,2,,,,,,,,,,,,,,,,,,,,,,,,
Hamilton mountains,7/22/2022,2,2,2,2,2,2,2,2,2,1,2,2,2,2,3,3,3,3,3,2,2,2,2,2,,,,,,,,,,,,,,,,,,,,,,,,
Hamilton mountains,7/23/2022,3,3,3,3,3,2,2,2,2,2,2,2,2,3,3,3,3,4,4,4,4,4,4,3,,,,,,,,,,,,,,,,,,,,,,,,
Hamilton mountains,7/24/2022,3,3,3,3,3,3,2,2,2,2,2,2,2,3,3,3,3,3,3,3,3,3,3,3,,,,,,,,,,,,,,,,,,,,,,,,
Hamilton mountains,7/25/2022,3,3,2,2,2,2,2,1,1,1,1,1,2,2,2,2,2,2,2,2,2,2,2,2,,,,,,,,,,,,,,,,,,,,,,,,
Hamilton mountains,7/26/2022,2,2,1,1,1,1,1,1,1,1,1,2,2,2,2,2,2,2,2,2,3,3,2,2,,,,,,,,,,,,,,,,,,,,,,,,
Hamilton mountains,7/27/2022,2,3,3,2,2,2,2,2,2,2,2,2,2,3,3,3,3,3,3,3,3,4,4,4,,,,,,,,,,,,,,,,,,,,,,,,
Hamilton mountains,7/28/2022,3,3,3,3,2,2,2,2,2,2,2,2,3,3,3,3,3,3,3,3,3,3,3,2,,,,,,,,,,,,,,,,,,,,,,,,
Hamilton mountains,7/29/2022,2,2,2,2,2,2,2,2,2,2,2,2,2,2,2,2,2,2,2,2,2,2,2,2,,,,,,,,,,,,,,,,,,,,,,,,
Hamilton mountains,7/30/2022,2,2,2,2,2,2,2,2,2,2,1,1,1,1,2,2,2,2,2,2,2,2,2,2,,,,,,,,,,,,,,,,,,,,,,,,
Hamilton mountains,7/31/2022,2,N/A,N/A,N/A,N/A,N/A,N/A,N/A,N/A,N/A,N/A,N/A,N/A,N/A,N/A,N/A,N/A,N/A,N/A,N/A,N/A,N/A,N/A,N/A,,,,,,,,,,,,,,,,,,,,,,,,
Hamilton mountains,8/1/2022,N/A,N/A,N/A,N/A,N/A,N/A,N/A,N/A,N/A,N/A,N/A,N/A,N/A,N/A,N/A,N/A,N/A,N/A,N/A,N/A,N/A,N/A,N/A,N/A,,,,,,,,,,,,,,,,,,,,,,,,
Hamilton mountains,8/2/2022,N/A,N/A,N/A,N/A,N/A,N/A,N/A,N/A,N/A,1,1,1,1,1,1,1,2,2,2,2,2,2,2,2,,,,,,,,,,,,,,,,,,,,,,,,
Hamilton mountains,8/3/2022,2,2,2,1,1,1,1,1,1,2,2,2,2,2,3,3,3,4,4,4,4,3,3,3,,,,,,,,,,,,,,,,,,,,,,,,
Hamilton mountains,8/4/2022,3,3,3,3,3,2,2,2,2,2,2,2,2,3,3,3,3,3,3,3,2,2,2,2,,,,,,,,,,,,,,,,,,,,,,,,
Hamilton mountains,8/5/2022,2,2,2,2,2,2,2,2,2,2,2,2,2,2,3,3,3,3,3,3,3,3,3,2,,,,,,,,,,,,,,,,,,,,,,,,
Hamilton mountains,8/6/2022,2,2,2,2,2,2,2,2,2,2,2,2,2,2,3,3,3,3,3,3,3,2,2,2,,,,,,,,,,,,,,,,,,,,,,,,
Hamilton mountains,8/7/2022,2,2,2,2,2,2,2,2,1,1,2,2,2,2,2,2,2,3,3,3,2,2,2,2,,,,,,,,,,,,,,,,,,,,,,,,
Hamilton mountains,8/8/2022,2,2,2,2,2,2,2,2,2,2,2,2,2,2,3,3,2,2,2,2,3,3,3,2,,,,,,,,,,,,,,,,,,,,,,,,
Hamilton mountains,8/9/2022,2,2,1,1,1,1,1,1,1,1,1,1,1,1,2,2,2,2,2,2,2,2,2,2,,,,,,,,,,,,,,,,,,,,,,,,
Hamilton mountains,8/10/2022,2,2,2,2,1,1,1,1,1,1,1,2,2,2,3,3,3,3,3,3,3,2,2,2,,,,,,,,,,,,,,,,,,,,,,,,
Hamilton mountains,8/11/2022,2,2,2,2,3,2,2,2,2,2,1,1,2,2,2,2,2,2,2,2,2,2,2,2,,,,,,,,,,,,,,,,,,,,,,,,
Hamilton mountains,8/12/2022,2,2,2,2,1,1,1,2,2,2,2,2,2,2,2,2,2,2,2,,,,,,,,,,,,,,,,,,,,,,,,,,,,,
Hamilton mountains,8/13/2022,,,,,,,,,,,,,,,,,,,,,,,,,,,,,,,,,,,,,,,,,,,,,,,,
Hamilton mountains,8/14/2022,,,,,,,,,,,,,,,,,,,,,,,,,,,,,,,,,,,,,,,,,,,,,,,,
Hamilton mountains,8/15/2022,,,,,,,,,,,,,,,,,,,,,,,,,,,,,,,,,,,,,,,,,,,,,,,,
Hamilton mountains,8/16/2022,2,2,2,2,2,2,2,2,2,2,3,3,3,3,3,3,3,3,3,3,3,3,,,,,,,,,,,,,,,,,,,,,,,,,,
Hamilton mountains,8/17/2022,2,2,2,2,2,2,2,2,2,2,2,2,2,3,3,3,4,3,3,3,3,3,3,3,,,,,,,,,,,,,,,,,,,,,,,,
Hamilton mountains,8/18/2022,3,2,2,2,2,2,2,2,2,2,2,2,2,3,3,3,3,3,3,2,2,2,2,2,,,,,,,,,,,,,,,,,,,,,,,,
Hamilton mountains,8/19/2022,2,2,2,2,2,2,2,2,2,2,2,2,3,3,3,3,3,3,3,3,3,3,3,3,,,,,,,,,,,,,,,,,,,,,,,,
Hamilton mountains,8/20/2022,3,3,3,3,3,3,3,2,2,2,3,3,4,4,4,5,4,4,4,4,4,3,3,3,,,,,,,,,,,,,,,,,,,,,,,,
Hamilton mountains,8/21/2022,3,3,3,3,3,3,N/A,N/A,N/A,3,3,2,2,3,3,3,3,3,3,3,3,2,,,,,,,,,,,,,,,,,,,,,,,,,,
Hamilton mountains,8/22/2022,2,2,2,2,2,2,2,2,2,2,2,2,2,2,3,3,3,4,4,3,3,3,N/A,2,,,,,,,,,,,,,,,,,,,,,,,,
Hamilton mountains,8/23/2022,2,N/A,2,2,2,2,1,1,2,2,2,2,2,2,3,3,3,3,3,3,2,2,2,2,,,,,,,,,,,,,,,,,,,,,,,,
Hamilton mountains,8/24/2022,2,2,2,2,2,2,2,1,1,1,1,2,2,2,2,3,3,N/A,3,3,3,3,3,3,,,,,,,,,,,,,,,,,,,,,,,,
Hamilton mountains,8/25/2022,2,2,2,2,2,2,1,1,1,1,1,2,2,2,2,2,2,3,N/A,2,2,,,,,,,,,,,,,,,,,,,,,,,,,,,
Hamilton mountains,8/26/2022,2,2,2,2,2,2,2,2,2,2,2,2,2,2,3,3,3,3,3,2,2,2,2,1,,,,,,,,,,,,,,,,,,,,,,,,
Hamilton mountains,8/27/2022,1,1,1,1,1,1,1,1,1,1,1,1,1,1,1,1,1,1,1,1,1,1,1,1,,,,,,,,,,,,,,,,,,,,,,,,
Hamilton mountains,8/28/2022,2,2,2,2,2,1,1,1,1,1,2,2,3,3,4,4,4,4,4,4,3,3,3,3,,,,,,,,,,,,,,,,,,,,,,,,
Hamilton mountains,8/29/2022,3,3,3,3,3,3,3,3,3,3,3,3,3,3,3,3,3,3,3,3,3,3,3,3,,,,,,,,,,,,,,,,,,,,,,,,
Hamilton mountains,8/30/2022,3,2,2,2,2,2,2,2,2,2,2,2,2,2,2,2,2,2,2,2,2,2,2,2,,,,,,,,,,,,,,,,,,,,,,,,
Hamilton mountains,8/31/2022,2,2,1,1,1,1,1,1,1,1,1,1,2,2,2,2,2,2,2,2,2,2,3,3,,,,,,,,,,,,,,,,,,,,,,,,
Hamilton mountains,9/1/2022,3,3,3,4,3,2,2,2,2,2,2,2,2,2,2,2,2,3,2,2,2,2,2,3,,,,,,,,,,,,,,,,,,,,,,,,
Hamilton mountains,9/2/2022,3,3,2,2,2,N/A,N/A,2,2,2,2,2,2,2,2,2,2,2,2,2,2,2,2,3,,,,,,,,,,,,,,,,,,,,,,,,
Hamilton mountains,9/3/2022,3,3,3,2,2,2,2,2,2,2,2,3,3,3,4,4,4,4,4,4,3,3,3,3,,,,,,,,,,,,,,,,,,,,,,,,
Hamilton mountains,9/4/2022,3,3,3,3,3,2,2,2,1,1,1,1,1,1,1,1,1,1,1,1,1,1,1,1,,,,,,,,,,,,,,,,,,,,,,,,
Hamilton mountains,9/5/2022,1,1,1,1,1,1,1,1,1,1,1,1,1,1,1,1,1,1,1,1,1,1,1,1,,,,,,,,,,,,,,,,,,,,,,,,
Hamilton mountains,9/6/2022,2,1,1,1,1,1,1,1,1,1,1,1,1,2,2,2,2,2,2,2,2,2,2,2,,,,,,,,,,,,,,,,,,,,,,,,
Hamilton mountains,9/7/2022,2,2,1,1,1,1,1,1,2,2,2,2,2,2,2,2,2,2,2,2,3,3,2,2,,,,,,,,,,,,,,,,,,,,,,,,
Hamilton mountains,9/8/2022,2,2,2,2,2,2,1,1,1,1,2,2,2,2,2,2,3,3,3,3,3,2,2,2,,,,,,,,,,,,,,,,,,,,,,,,
Hamilton mountains,9/9/2022,2,2,2,2,2,2,2,2,2,2,2,3,3,3,3,3,3,3,3,3,3,3,2,2,,,,,,,,,,,,,,,,,,,,,,,,
Hamilton mountains,9/10/2022,2,2,2,3,2,2,2,2,2,2,2,3,3,3,3,3,3,3,3,3,3,3,3,3,,,,,,,,,,,,,,,,,,,,,,,,
Hamilton mountains,9/11/2022,3,3,3,2,2,2,2,2,2,2,2,2,2,2,2,2,2,2,2,2,2,2,2,2,,,,,,,,,,,,,,,,,,,,,,,,
Hamilton mountains,9/12/2022,2,2,2,1,1,1,1,1,1,1,1,1,1,1,2,2,2,2,2,2,2,2,2,2,,,,,,,,,,,,,,,,,,,,,,,,
Hamilton mountains,9/13/2022,2,2,2,2,1,1,1,1,1,2,2,2,1,2,2,2,2,2,2,2,2,2,2,2,,,,,,,,,,,,,,,,,,,,,,,,
Hamilton mountains,9/14/2022,2,2,2,2,2,2,2,2,2,2,2,2,2,2,2,2,N/A,2,2,2,2,2,1,1,,,,,,,,,,,,,,,,,,,,,,,,
Hamilton mountains,9/15/2022,1,1,1,1,1,1,1,1,1,1,1,1,1,1,2,2,2,2,2,2,2,2,2,2,,,,,,,,,,,,,,,,,,,,,,,,
Hamilton mountains,9/16/2022,2,2,2,2,2,2,2,2,2,2,2,2,2,2,3,3,4,4,3,3,3,3,3,3,,,,,,,,,,,,,,,,,,,,,,,,
Hamilton mountains,9/17/2022,2,2,2,2,2,2,2,2,2,2,2,2,3,3,3,4,4,4,4,4,4,4,4,4,,,,,,,,,,,,,,,,,,,,,,,,
Hamilton mountains,9/18/2022,4,3,3,3,N/A,3,3,2,2,2,3,3,3,3,3,3,3,3,3,3,3,3,3,3,,,,,,,,,,,,,,,,,,,,,,,,
Hamilton mountains,9/19/2022,3,3,3,3,3,3,3,3,2,2,2,2,2,2,2,2,2,2,2,2,2,2,2,2,,,,,,,,,,,,,,,,,,,,,,,,
Hamilton mountains,9/20/2022,2,2,2,2,2,2,2,2,2,2,2,2,2,2,2,2,2,3,3,3,3,3,3,2,,,,,,,,,,,,,,,,,,,,,,,,
Hamilton mountains,9/21/2022,3,3,3,3,3,2,2,2,2,2,2,3,3,3,3,3,3,2,2,2,2,2,3,3,,,,,,,,,,,,,,,,,,,,,,,,
Hamilton mountains,9/22/2022,3,3,2,2,2,2,2,1,1,1,1,1,1,1,1,1,1,1,1,2,2,2,2,2,,,,,,,,,,,,,,,,,,,,,,,,
Hamilton mountains,9/23/2022,2,2,1,1,1,1,1,1,1,1,1,1,2,2,2,2,2,2,2,2,2,2,2,2,,,,,,,,,,,,,,,,,,,,,,,,
Hamilton mountains,9/24/2022,1,1,1,1,1,1,1,1,1,1,1,1,1,2,2,2,2,2,2,2,2,2,2,2,,,,,,,,,,,,,,,,,,,,,,,,
Hamilton mountains,9/25/2022,2,2,2,2,2,2,2,2,2,2,2,2,2,2,2,3,3,2,2,2,2,2,2,1,,,,,,,,,,,,,,,,,,,,,,,,
Hamilton mountains,9/26/2022,1,1,1,2,1,1,1,1,1,1,1,1,2,2,2,2,2,2,2,2,2,2,2,2,,,,,,,,,,,,,,,,,,,,,,,,
Hamilton mountains,9/27/2022,2,2,2,2,2,2,1,1,2,2,2,2,2,2,2,2,2,2,2,2,2,2,2,2,,,,,,,,,,,,,,,,,,,,,,,,
Hamilton mountains,9/28/2022,1,1,1,1,1,1,1,1,1,1,1,1,1,1,1,1,1,1,1,1,1,1,1,1,,,,,,,,,,,,,,,,,,,,,,,,
Hamilton mountains,9/29/2022,1,1,1,1,1,1,1,1,1,1,1,1,1,1,2,2,2,2,2,2,2,2,2,2,,,,,,,,,,,,,,,,,,,,,,,,
Hamilton mountains,9/30/2022,2,2,2,2,2,1,1,1,2,2,2,2,3,3,3,2,2,2,3,3,2,2,2,2,,,,,,,,,,,,,,,,,,,,,,,,
Hamilton mountains,10/1/2022,2,2,2,2,2,2,2,2,2,2,2,2,2,2,2,2,2,2,2,2,2,2,2,2,,,,,,,,,,,,,,,,,,,,,,,,
Hamilton mountains,10/2/2022,2,2,2,2,2,2,2,2,1,1,1,1,1,1,2,2,2,2,2,2,2,2,2,2,,,,,,,,,,,,,,,,,,,,,,,,
Hamilton mountains,10/3/2022,2,2,2,2,2,1,1,1,2,2,2,2,2,2,2,2,2,2,2,2,2,2,2,2,,,,,,,,,,,,,,,,,,,,,,,,
Hamilton mountains,10/4/2022,2,2,2,2,2,2,2,2,2,2,2,2,2,2,2,3,3,3,3,3,3,3,3,3,,,,,,,,,,,,,,,,,,,,,,,,
Hamilton mountains,10/5/2022,3,2,2,2,2,2,2,2,2,2,3,2,3,3,3,3,3,3,3,3,3,3,3,2,,,,,,,,,,,,,,,,,,,,,,,,
Hamilton mountains,10/6/2022,2,2,2,2,2,2,3,3,3,3,3,3,3,3,3,4,4,4,4,3,3,3,3,3,,,,,,,,,,,,,,,,,,,,,,,,
Hamilton mountains,10/7/2022,3,3,3,2,2,2,1,1,1,1,1,1,1,1,1,1,1,1,1,2,2,2,2,2,,,,,,,,,,,,,,,,,,,,,,,,
Hamilton mountains,10/8/2022,2,2,2,1,1,1,1,1,1,1,1,2,2,2,2,2,2,2,2,2,2,2,2,2,,,,,,,,,,,,,,,,,,,,,,,,
Hamilton mountains,10/9/2022,2,2,2,2,2,2,2,2,2,2,2,2,2,2,2,2,3,3,3,3,3,3,3,2,,,,,,,,,,,,,,,,,,,,,,,,
Hamilton mountains,10/10/2022,2,2,2,2,2,2,2,2,2,2,2,2,2,2,2,2,2,2,2,2,2,2,2,2,,,,,,,,,,,,,,,,,,,,,,,,
Hamilton mountains,10/11/2022,2,2,2,2,2,2,2,2,2,2,2,2,2,3,3,3,3,3,3,3,3,3,3,3,,,,,,,,,,,,,,,,,,,,,,,,
Hamilton mountains,10/12/2022,3,3,3,3,3,3,3,3,3,3,3,2,3,3,3,3,3,3,3,3,3,3,3,3,,,,,,,,,,,,,,,,,,,,,,,,
Hamilton mountains,10/13/2022,3,3,3,3,3,3,3,3,2,2,2,2,2,2,2,2,2,2,2,2,2,2,2,2,,,,,,,,,,,,,,,,,,,,,,,,
Hamilton mountains,10/14/2022,2,2,2,2,2,2,2,2,2,2,2,2,2,2,2,2,2,2,2,2,3,3,2,2,,,,,,,,,,,,,,,,,,,,,,,,
Hamilton mountains,10/15/2022,2,2,2,2,2,2,2,2,2,2,2,2,2,2,2,2,2,2,2,2,2,2,2,2,,,,,,,,,,,,,,,,,,,,,,,,
Hamilton mountains,10/16/2022,2,2,1,1,N/A,2,1,1,1,1,1,1,1,1,2,2,2,2,2,2,2,2,2,2,,,,,,,,,,,,,,,,,,,,,,,,
Hamilton mountains,10/17/2022,2,2,2,1,1,1,1,1,1,1,1,1,1,1,1,1,1,2,2,1,1,1,1,1,,,,,,,,,,,,,,,,,,,,,,,,
Hamilton mountains,10/18/2022,1,1,1,1,1,1,1,1,1,1,1,1,1,1,1,1,1,1,1,1,1,1,1,1,,,,,,,,,,,,,,,,,,,,,,,,
Hamilton mountains,10/19/2022,1,1,1,1,1,1,1,1,1,1,1,1,1,1,1,2,2,1,1,1,1,1,1,1,,,,,,,,,,,,,,,,,,,,,,,,
Hamilton mountains,10/20/2022,1,1,1,1,1,1,1,1,1,1,2,2,2,2,2,2,2,2,2,2,2,2,2,2,,,,,,,,,,,,,,,,,,,,,,,,
Hamilton mountains,10/21/2022,2,2,2,2,2,2,2,2,2,2,2,2,2,2,3,3,3,4,4,4,3,3,3,3,,,,,,,,,,,,,,,,,,,,,,,,
Hamilton mountains,10/22/2022,3,3,3,3,3,3,3,3,3,3,2,3,3,3,3,3,3,4,4,4,4,4,4,4,,,,,,,,,,,,,,,,,,,,,,,,
Hamilton mountains,10/23/2022,4,4,4,4,3,3,3,3,3,3,3,4,4,4,4,4,4,4,4,4,4,4,4,4,,,,,,,,,,,,,,,,,,,,,,,,
Hamilton mountains,10/24/2022,4,4,3,3,3,3,3,3,4,4,5,5,5,6,6,N/A,N/A,N/A,N/A,N/A,N/A,N/A,N/A,N/A,,,,,,,,,,,,,,,,,,,,,,,,
Hamilton mountains,10/25/2022,N/A,N/A,N/A,N/A,N/A,N/A,N/A,N/A,N/A,N/A,N/A,N/A,N/A,4,3,3,3,4,4,3,3,3,2,2,,,,,,,,,,,,,,,,,,,,,,,,
Hamilton mountains,10/26/2022,3,3,3,3,2,2,2,3,3,3,2,2,2,2,2,2,2,2,2,2,1,1,1,1,,,,,,,,,,,,,,,,,,,,,,,,
Hamilton mountains,10/27/2022,1,1,1,1,1,1,1,1,1,1,1,1,1,1,1,2,2,2,2,2,2,2,2,2,,,,,,,,,,,,,,,,,,,,,,,,
Hamilton mountains,10/28/2022,2,2,2,2,2,2,2,2,2,2,2,2,2,2,2,2,2,2,2,2,2,2,2,2,,,,,,,,,,,,,,,,,,,,,,,,
Hamilton mountains,10/29/2022,2,2,2,2,2,2,2,2,2,2,2,2,2,2,2,3,4,4,4,4,4,4,4,4,,,,,,,,,,,,,,,,,,,,,,,,
Hamilton mountains,10/30/2022,4,4,4,4,3,3,3,3,3,3,3,3,3,5,6,6,5,4,4,4,5,5,5,4,,,,,,,,,,,,,,,,,,,,,,,,
Hamilton mountains,10/31/2022,4,4,4,4,4,4,4,4,4,4,4,4,4,5,5,6,6,5,4,4,3,3,4,3,,,,,,,,,,,,,,,,,,,,,,,,
Hamilton mountains,11/1/2022,3,2,2,2,2,2,2,2,2,2,2,2,2,2,2,2,3,3,3,3,3,3,3,3,,,,,,,,,,,,,,,,,,,,,,,,
Hamilton mountains,11/2/2022,3,3,3,3,2,2,2,2,2,2,3,3,3,4,4,4,4,4,4,4,4,4,4,3,,,,,,,,,,,,,,,,,,,,,,,,
Hamilton mountains,11/3/2022,3,3,3,3,3,3,2,2,2,2,2,2,2,2,2,3,3,4,4,4,4,4,4,4,,,,,,,,,,,,,,,,,,,,,,,,
Hamilton mountains,11/4/2022,3,3,3,2,2,2,2,2,2,2,2,2,2,2,3,3,3,3,3,3,3,3,3,3,,,,,,,,,,,,,,,,,,,,,,,,
Hamilton mountains,11/5/2022,3,3,3,3,3,2,2,2,2,2,2,2,2,2,2,2,3,3,3,2,2,2,2,2,,,,,,,,,,,,,,,,,,,,,,,,
Hamilton mountains,11/6/2022,2,2,2,2,2,2,2,2,2,2,2,2,2,2,2,2,2,2,2,2,2,2,2,2,,,,,,,,,,,,,,,,,,,,,,,,
Hamilton mountains,11/7/2022,2,2,2,2,2,2,2,2,2,2,2,2,2,2,2,2,2,2,2,2,2,2,1,1,,,,,,,,,,,,,,,,,,,,,,,,
Hamilton mountains,11/8/2022,1,1,1,1,1,1,1,1,1,1,1,1,1,1,1,2,2,2,2,2,2,2,2,2,,,,,,,,,,,,,,,,,,,,,,,,
Hamilton mountains,11/9/2022,2,2,2,2,2,2,2,2,2,2,2,2,2,2,2,2,2,3,4,5,5,5,3,2,,,,,,,,,,,,,,,,,,,,,,,,
Hamilton mountains,11/10/2022,2,2,2,2,2,2,2,2,2,2,2,2,3,3,3,3,3,3,3,3,3,3,3,3,,,,,,,,,,,,,,,,,,,,,,,,
Hamilton mountains,11/11/2022,2,2,2,2,2,2,2,2,2,2,2,2,2,2,3,3,3,2,2,2,2,2,2,2,,,,,,,,,,,,,,,,,,,,,,,,
Hamilton mountains,11/12/2022,2,2,2,2,1,1,1,1,1,1,1,1,1,1,1,1,1,1,1,1,1,1,1,1,,,,,,,,,,,,,,,,,,,,,,,,
Hamilton mountains,11/13/2022,1,1,1,1,N/A,1,1,1,1,1,1,1,1,1,1,2,2,2,2,2,2,2,2,2,,,,,,,,,,,,,,,,,,,,,,,,
Hamilton mountains,11/14/2022,2,2,2,2,2,2,2,2,2,2,2,2,2,2,2,2,2,2,2,2,2,2,2,2,,,,,,,,,,,,,,,,,,,,,,,,
Hamilton mountains,11/15/2022,2,2,3,3,3,2,2,2,2,2,2,2,2,2,2,2,2,2,2,2,2,2,2,2,,,,,,,,,,,,,,,,,,,,,,,,
Hamilton mountains,11/16/2022,2,2,2,2,2,2,2,2,2,2,2,2,2,2,2,2,2,2,2,2,2,2,2,2,,,,,,,,,,,,,,,,,,,,,,,,
Hamilton mountains,11/17/2022,2,2,2,2,2,2,2,2,2,2,2,2,2,2,2,2,2,2,2,2,2,2,2,2,,,,,,,,,,,,,,,,,,,,,,,,
Hamilton mountains,11/18/2022,2,2,2,2,2,2,2,2,2,2,2,2,2,2,2,2,2,2,2,2,2,2,2,2,,,,,,,,,,,,,,,,,,,,,,,,
Hamilton mountains,11/19/2022,2,2,2,2,2,2,1,1,1,1,1,2,2,2,2,2,2,2,2,2,2,2,2,2,,,,,,,,,,,,,,,,,,,,,,,,
Hamilton mountains,11/20/2022,2,2,2,2,2,2,2,2,2,2,2,2,2,2,2,2,2,2,2,2,2,2,2,2,,,,,,,,,,,,,,,,,,,,,,,,
Hamilton mountains,11/21/2022,2,2,2,2,2,2,2,2,2,2,2,2,2,2,2,2,2,2,2,2,2,2,2,2,,,,,,,,,,,,,,,,,,,,,,,,
Hamilton mountains,11/22/2022,2,2,2,2,2,2,2,2,2,2,3,3,2,2,2,2,2,3,3,3,3,3,3,3,,,,,,,,,,,,,,,,,,,,,,,,
Hamilton mountains,11/23/2022,3,3,3,3,3,3,3,3,3,3,3,3,3,3,3,3,3,3,4,4,4,4,4,4,,,,,,,,,,,,,,,,,,,,,,,,
Hamilton mountains,11/24/2022,4,4,4,4,4,4,4,4,4,4,4,4,3,3,3,3,3,4,4,4,4,3,3,3,,,,,,,,,,,,,,,,,,,,,,,,
Hamilton mountains,11/25/2022,3,3,3,2,2,2,2,2,2,2,2,2,2,2,2,2,2,2,2,2,2,2,2,2,,,,,,,,,,,,,,,,,,,,,,,,
Hamilton mountains,11/26/2022,2,2,2,2,2,2,2,2,2,2,2,2,2,2,2,2,2,2,3,3,3,3,2,2,,,,,,,,,,,,,,,,,,,,,,,,
Hamilton mountains,11/27/2022,2,2,2,2,2,2,2,2,2,2,2,3,3,2,2,2,2,2,2,2,2,2,2,2,,,,,,,,,,,,,,,,,,,,,,,,
Hamilton mountains,11/28/2022,2,2,2,2,2,2,1,1,1,2,2,2,2,2,2,2,2,2,2,2,2,2,2,2,,,,,,,,,,,,,,,,,,,,,,,,
Hamilton mountains,11/29/2022,2,2,2,2,2,2,2,2,2,2,2,2,2,2,2,2,2,2,2,2,2,2,2,2,,,,,,,,,,,,,,,,,,,,,,,,
Hamilton mountains,11/30/2022,2,2,2,2,2,2,2,2,2,2,2,2,1,1,1,2,2,1,1,1,1,1,1,1,,,,,,,,,,,,,,,,,,,,,,,,
Hamilton mountains,12/1/2022,1,1,1,1,1,1,2,2,2,2,2,2,2,2,2,2,2,2,2,2,2,2,2,2,,,,,,,,,,,,,,,,,,,,,,,,
Hamilton mountains,12/2/2022,2,2,2,2,2,2,2,2,2,2,2,2,2,2,2,2,2,2,2,2,2,2,2,2,,,,,,,,,,,,,,,,,,,,,,,,
Hamilton mountains,12/3/2022,2,2,2,2,2,2,2,2,2,2,2,2,2,1,1,1,1,2,2,2,2,2,2,2,,,,,,,,,,,,,,,,,,,,,,,,
Hamilton mountains,12/4/2022,2,2,2,2,2,2,2,2,2,2,2,2,2,2,2,2,2,2,2,2,2,2,2,2,,,,,,,,,,,,,,,,,,,,,,,,
Hamilton mountains,12/5/2022,2,2,2,2,2,2,2,2,2,2,2,2,2,2,2,2,2,2,2,2,2,2,2,2,,,,,,,,,,,,,,,,,,,,,,,,
Hamilton mountains,12/6/2022,2,2,2,2,2,2,2,2,2,2,2,2,2,2,2,2,2,2,3,3,3,3,3,2,,,,,,,,,,,,,,,,,,,,,,,,
Hamilton mountains,12/7/2022,2,3,3,3,3,2,2,2,2,2,3,3,2,2,2,2,2,2,2,2,2,2,2,2,,,,,,,,,,,,,,,,,,,,,,,,
Hamilton mountains,12/8/2022,2,2,2,2,2,2,2,2,2,2,2,2,2,2,N/A,2,2,2,2,2,2,2,2,2,,,,,,,,,,,,,,,,,,,,,,,,
Hamilton mountains,12/9/2022,2,2,2,2,2,2,2,2,2,2,2,2,2,2,2,2,2,2,2,2,2,2,2,2,,,,,,,,,,,,,,,,,,,,,,,,
Hamilton mountains,12/10/2022,2,2,2,2,2,2,2,2,2,2,2,2,2,2,2,2,2,2,2,2,2,2,2,2,,,,,,,,,,,,,,,,,,,,,,,,
Hamilton mountains,12/11/2022,2,2,2,2,2,2,2,2,2,2,2,2,2,2,2,2,2,2,2,2,2,2,1,1,,,,,,,,,,,,,,,,,,,,,,,,
Hamilton mountains,12/12/2022,1,2,2,2,2,2,2,2,2,2,2,2,2,2,2,2,2,2,2,2,2,2,2,2,,,,,,,,,,,,,,,,,,,,,,,,
Hamilton mountains,12/13/2022,2,2,2,2,2,2,2,2,2,2,2,2,2,2,N/A,N/A,N/A,N/A,N/A,N/A,N/A,N/A,N/A,N/A,,,,,,,,,,,,,,,,,,,,,,,,
Hamilton mountains,12/14/2022,N/A,2,2,2,2,2,2,2,2,2,2,2,2,2,2,2,2,N/A,2,2,2,2,2,2,,,,,,,,,,,,,,,,,,,,,,,,
Hamilton mountains,12/15/2022,2,2,2,2,2,2,2,2,2,2,2,2,2,2,2,2,2,2,2,2,2,2,2,2,,,,,,,,,,,,,,,,,,,,,,,,
Hamilton mountains,12/16/2022,2,2,2,2,2,2,2,2,2,2,2,2,2,2,2,2,2,2,2,2,2,2,2,2,,,,,,,,,,,,,,,,,,,,,,,,
Hamilton mountains,12/17/2022,2,2,2,2,2,2,2,2,2,2,2,2,2,2,2,2,2,2,2,2,2,2,2,2,,,,,,,,,,,,,,,,,,,,,,,,
Hamilton mountains,12/18/2022,2,2,2,2,N/A,2,2,2,2,2,2,2,2,2,2,2,2,2,2,2,2,2,2,2,,,,,,,,,,,,,,,,,,,,,,,,
Hamilton mountains,12/19/2022,2,2,2,2,2,2,2,2,2,2,2,2,2,1,1,1,2,2,2,2,2,2,2,2,,,,,,,,,,,,,,,,,,,,,,,,
Hamilton mountains,12/20/2022,2,2,2,2,2,2,2,2,2,2,2,2,2,2,2,2,2,2,2,2,2,2,2,2,,,,,,,,,,,,,,,,,,,,,,,,
Hamilton mountains,12/21/2022,2,2,2,2,2,2,2,2,2,2,3,3,3,2,2,2,2,2,2,3,3,3,3,3,,,,,,,,,,,,,,,,,,,,,,,,
Hamilton mountains,12/22/2022,3,3,3,3,3,3,3,3,3,3,3,3,3,3,3,2,2,2,2,2,2,2,2,2,,,,,,,,,,,,,,,,,,,,,,,,
Hamilton mountains,12/23/2022,2,2,2,2,2,2,2,2,2,1,1,1,2,2,2,2,2,2,2,2,2,2,2,2,,,,,,,,,,,,,,,,,,,,,,,,
Hamilton mountains,12/24/2022,2,2,2,2,2,2,2,2,2,2,2,2,2,2,2,2,2,2,2,2,2,2,2,2,,,,,,,,,,,,,,,,,,,,,,,,
Hamilton mountains,12/25/2022,2,2,2,2,2,2,2,2,2,2,2,2,2,2,2,2,2,2,2,2,2,2,2,2,,,,,,,,,,,,,,,,,,,,,,,,
Hamilton mountains,12/26/2022,2,2,2,2,2,2,2,2,2,2,2,2,2,2,2,2,2,2,3,3,3,3,3,3,,,,,,,,,,,,,,,,,,,,,,,,
Hamilton mountains,12/27/2022,3,2,2,2,2,2,2,2,2,3,2,2,2,2,2,2,2,2,2,2,2,2,3,3,,,,,,,,,,,,,,,,,,,,,,,,
Hamilton mountains,12/28/2022,3,3,3,2,2,2,2,2,2,2,2,2,2,2,2,2,2,2,3,3,3,2,2,2,,,,,,,,,,,,,,,,,,,,,,,,
Hamilton mountains,12/29/2022,2,2,2,2,2,2,2,2,2,2,2,2,2,2,2,2,2,2,2,2,2,2,2,2,,,,,,,,,,,,,,,,,,,,,,,,
Hamilton mountains,12/30/2022,2,2,2,2,2,2,2,2,2,2,2,2,2,2,2,2,2,2,2,2,2,2,2,2,,,,,,,,,,,,,,,,,,,,,,,,
Hamilton mountains,12/31/2022,2,2,2,2,2,2,2,2,2,2,2,2,2,2,2,2,2,2,2,2,2,2,2,2,,,,,,,,,,,,,,,,,,,,,,,,
